,seed_track,seed_popularity,rec_track,rec_popularity,g
0,People,92,Super Freaky Girl,76,100
1,People,92,Those Eyes,90,100
2,People,92,How Do I Say Goodbye,77,100
3,People,92,Outside,68,100
4,People,92,Search & Rescue,91,100
5,People,92,People,92,100
6,People,92,Favorite Song,85,100
7,People,92,Another Love,64,100
8,People,92,Love Songs - Bonus,79,100
9,People,92,Kill Bill,94,100
10,People,92,Kilometre,61,100
11,People,92,N'y pense plus,69,100
12,People,92,Baby,70,100
13,People,92,Love,72,100
14,People,92,Remember - Acoustic,64,100
15,People,92,Cardboard Box,69,100
16,People,92,Mirror,66,100
17,People,92,Kontrol,63,100
18,People,92,Mapopo - Remix,56,100
19,People,92,Love Somebody,65,100
20,If We Ever Broke Up,88,Till You’re Ready,57,90
21,If We Ever Broke Up,88,live more & love more,75,90
22,If We Ever Broke Up,88,Maniac,80,90
23,If We Ever Broke Up,88,Dolls,70,90
24,If We Ever Broke Up,88,FU In My Head,64,90
25,If We Ever Broke Up,88,ceilings,91,90
26,If We Ever Broke Up,88,Not Another Rockstar,68,90
27,If We Ever Broke Up,88,Baby Don't Hurt Me,87,90
28,If We Ever Broke Up,88,Boyfriend,83,90
29,If We Ever Broke Up,88,That's What Friends Are For,44,90
30,If We Ever Broke Up,88,Gimme (feat. Koffee & Jessie Reyez),67,90
31,If We Ever Broke Up,88,Special (feat. SZA),78,90
32,If We Ever Broke Up,88,COFFEE,48,90
33,If We Ever Broke Up,88,Crazy,62,90
34,If We Ever Broke Up,88,People,92,90
35,If We Ever Broke Up,88,10:35,68,90
36,If We Ever Broke Up,88,SAD B!TCH,70,90
37,If We Ever Broke Up,88,Kill Bill - Sped Up Version,81,90
38,If We Ever Broke Up,88,Lottery (feat. LU KALA),78,90
39,If We Ever Broke Up,88,I DON'T WANNA BE LIKE YOU,66,90
40,Miracle (with Ellie Goulding),90,Over Again,65,90
41,Miracle (with Ellie Goulding),90,Tell Me Why - Radio Edit,66,90
42,Miracle (with Ellie Goulding),90,Higher Love,73,90
43,Miracle (with Ellie Goulding),90,Colourblind,63,90
44,Miracle (with Ellie Goulding),90,Silhouettes - Original Radio Edit,67,90
45,Miracle (with Ellie Goulding),90,Human (feat. Echoes) - Aaron Hibell Remix,58,90
46,Miracle (with Ellie Goulding),90,Wish You The Best,84,90
47,Miracle (with Ellie Goulding),90,Reload - Radio Edit,68,90
48,Miracle (with Ellie Goulding),90,Praise The Lord (Da Shine) (feat. Skepta) - Durdenhauer Edit,76,90
49,Miracle (with Ellie Goulding),90,Midnight Dreams,58,90
50,Miracle (with Ellie Goulding),90,Left & Right,67,90
51,Miracle (with Ellie Goulding),90,Kernkraft 400 (A Better Day) - MistaJam Remix,60,90
52,Miracle (with Ellie Goulding),90,Leave Me Like This,64,90
53,Miracle (with Ellie Goulding),90,Next To You (feat. Kane Brown),68,90
54,Miracle (with Ellie Goulding),90,Flowers,91,90
55,Miracle (with Ellie Goulding),90,What A Life (feat. Stevie Appleton),69,90
56,Miracle (with Ellie Goulding),90,Baby Don't Hurt Me,87,90
57,Miracle (with Ellie Goulding),90,One Kiss (with Dua Lipa),88,90
58,Miracle (with Ellie Goulding),90,Believe,70,90
59,Miracle (with Ellie Goulding),90,Dancing Feet (feat. DNCE),66,90
60,Daylight,93,My Blood,70,100
61,Daylight,93,Flowers,91,100
62,Daylight,93,ceilings,91,100
63,Daylight,93,Yes To Heaven,7,100
64,Daylight,93,If the World Was Ending (feat. Julia Michaels),74,100
65,Daylight,93,"All I Want - From ""High School Musical: The Musical: The Series""",79,100
66,Daylight,93,What A Time (feat. Niall Horan),80,100
67,Daylight,93,One Day,71,100
68,Daylight,93,I Found,74,100
69,Daylight,93,Moonlight,84,100
70,Daylight,93,Swan Upon Leda,65,100
71,Daylight,93,you were good to me,75,100
72,Daylight,93,The 30th,77,100
73,Daylight,93,Glimpse of Us,81,100
74,Daylight,93,You Get Me So High,83,100
75,Daylight,93,Eat Your Young,81,100
76,Daylight,93,Cannon Beach,65,100
77,Daylight,93,Atlantis - Extra Sped Up Version,74,100
78,Daylight,93,Turning Page,71,100
79,Daylight,93,Past Lives,73,100
80,Wish You The Best,84,July,81,90
81,Wish You The Best,84,AM:PM,71,90
82,Wish You The Best,84,Men On The Moon,64,90
83,Wish You The Best,84,Always You (Wedding Version) [From Maybe I Do],50,90
84,Wish You The Best,84,Creepin' (with The Weeknd & 21 Savage),96,90
85,Wish You The Best,84,Kiss Me,79,90
86,Wish You The Best,84,Easy On Me,83,90
87,Wish You The Best,84,Part Of Me,71,90
88,Wish You The Best,84,MUST BE NICE,61,90
89,Wish You The Best,84,Last Night,89,90
90,Wish You The Best,84,Moments,63,90
91,Wish You The Best,84,Little Do You Know,75,90
92,Wish You The Best,84,All Comes Back To You,57,90
93,Wish You The Best,84,Feather,77,90
94,Wish You The Best,84,Mother,82,90
95,Wish You The Best,84,Any Love,61,90
96,Wish You The Best,84,Headspace,57,90
97,Wish You The Best,84,Us,74,90
98,Wish You The Best,84,Call on Me,37,90
99,Wish You The Best,84,Bruises,68,90
100,Eyes Closed,89,"Lay It All on Me (feat. Big Sean, Vic Mensa & Ed Sheeran) - Rudi VIP Mix",30,90
101,Eyes Closed,89,Blame It on Me,70,90
102,Eyes Closed,89,Drunk,66,90
103,Eyes Closed,89,Ruin My Life,65,90
104,Eyes Closed,89,Almost,50,90
105,Eyes Closed,89,This City,77,90
106,Eyes Closed,89,All of Me,86,90
107,Eyes Closed,89,Little Dancer,42,90
108,Eyes Closed,89,Give Me Something,43,90
109,Eyes Closed,89,Not About Angels,73,90
110,Eyes Closed,89,Bedroom Floor,55,90
111,Eyes Closed,89,The Greatest (feat. Kendrick Lamar),70,90
112,Eyes Closed,89,Better With You,53,90
113,Eyes Closed,89,Symphony (feat. Zara Larsson),77,90
114,Eyes Closed,89,River (feat. Ed Sheeran),74,90
115,Eyes Closed,89,Bright Lights,14,90
116,Eyes Closed,89,Someone Like You,47,90
117,Eyes Closed,89,Bad Things (with Camila Cabello),72,90
118,Eyes Closed,89,Strip That Down - Nevada Remix,46,90
119,Eyes Closed,89,Carry Me (feat. Julia Michaels),60,90
120,Kill Bill,94,Read your Mind,67,100
121,Kill Bill,94,The Color Violet,88,100
122,Kill Bill,94,Strawberries & Cigarettes,81,100
123,Kill Bill,94,Reflections,81,100
124,Kill Bill,94,10:35,68,100
125,Kill Bill,94,Stargirl Interlude,85,100
126,Kill Bill,94,Bikini Bottom,57,100
127,Kill Bill,94,SOS,76,100
128,Kill Bill,94,Valentina,72,100
129,Kill Bill,94,"After The Storm (feat. Tyler, The Creator & Bootsy Collins)",84,100
130,Kill Bill,94,My Mind & Me,77,100
131,Kill Bill,94,Don't,84,100
132,Kill Bill,94,"New Person, Same Old Mistakes",81,100
133,Kill Bill,94,Infrunami,79,100
134,Kill Bill,94,traitor,87,100
135,Kill Bill,94,Japanese Denim,78,100
136,Kill Bill,94,NEW MAGIC WAND,84,100
137,Kill Bill,94,Rules,76,100
138,Kill Bill,94,Pain,82,100
139,Kill Bill,94,Private Landing (feat. Justin Bieber & Future),84,100
140,Red Flags,76,Fumbled the Bag,52,80
141,Red Flags,76,More,50,80
142,Red Flags,76,Enough To Drink,63,80
143,Red Flags,76,hurt so bad,56,80
144,Red Flags,76,1000 reasons,64,80
145,Red Flags,76,Nightlight,46,80
146,Red Flags,76,Freezing,74,80
147,Red Flags,76,Not Sad Anymore,60,80
148,Red Flags,76,Happier Than Ever - Edit,66,80
149,Red Flags,76,without you with me,60,80
150,Red Flags,76,Love v. Logic,47,80
151,Red Flags,76,The Other Side,57,80
152,Red Flags,76,Where Do We Go from Here?,59,80
153,Red Flags,76,Her,66,80
154,Red Flags,76,What Was,70,80
155,Red Flags,76,Supervillain,28,80
156,Red Flags,76,Easy,51,80
157,Red Flags,76,at least,62,80
158,Red Flags,76,I Raised Your Boyfriend,55,80
159,Red Flags,76,One More I Love You,58,80
160,Search & Rescue,91,No Clue (feat. Lil Yachty),62,100
161,Search & Rescue,91,Faneto,72,100
162,Search & Rescue,91,Die Trying,68,100
163,Search & Rescue,91,Origami (Hotties),63,100
164,Search & Rescue,91,LOVE. FEAT. ZACARI.,84,100
165,Search & Rescue,91,I GUESS IT'S LOVE?,74,100
166,Search & Rescue,91,Do Not Disturb,77,100
167,Search & Rescue,91,Shirt,84,100
168,Search & Rescue,91,Dreams and Nightmares,76,100
169,Search & Rescue,91,Flex,70,100
170,Search & Rescue,91,Stop Breathing,67,100
171,Search & Rescue,91,Middle of the Ocean,71,100
172,Search & Rescue,91,Last Last,81,100
173,Search & Rescue,91,Dah Dah DahDah,75,100
174,Search & Rescue,91,The Woo (feat. 50 Cent & Roddy Ricch),75,100
175,Search & Rescue,91,Nicky Nine Door,56,100
176,Search & Rescue,91,See You Again (feat. Kali Uchis),91,100
177,Search & Rescue,91,Step 1 (with Offset),58,100
178,Search & Rescue,91,Never Sleep (with Lil Baby feat. Travis Scott),68,100
179,Search & Rescue,91,Sorry Bout That,77,100
180,Boy's a liar Pt. 2,97,FreakyT,72,100
181,Boy's a liar Pt. 2,97,SORRY NOT SORRY,85,100
182,Boy's a liar Pt. 2,97,"bbycakes (with Lil Uzi Vert, PinkPantheress & Shygirl)",51,100
183,Boy's a liar Pt. 2,97,Bane,71,100
184,Boy's a liar Pt. 2,97,A New Kind Of Love - Demo,65,100
185,Boy's a liar Pt. 2,97,22,78,100
186,Boy's a liar Pt. 2,97,Valentina,72,100
187,Boy's a liar Pt. 2,97,Creepin' (with The Weeknd & 21 Savage),96,100
188,Boy's a liar Pt. 2,97,OOGA BOOGA!,71,100
189,Boy's a liar Pt. 2,97,Wine Pon You (feat. Konshens),78,100
190,Boy's a liar Pt. 2,97,BEAT IT,0,100
191,Boy's a liar Pt. 2,97,Chemical,71,100
192,Boy's a liar Pt. 2,97,Belong to the City,77,100
193,Boy's a liar Pt. 2,97,Been Away,76,100
194,Boy's a liar Pt. 2,97,"After The Storm (feat. Tyler, The Creator & Bootsy Collins)",84,100
195,Boy's a liar Pt. 2,97,Umbrella (with 21 Savage & Young Nudy),76,100
196,Boy's a liar Pt. 2,97,Kill Bill - Sped Up Version,81,100
197,Boy's a liar Pt. 2,97,Luxury,75,100
198,Boy's a liar Pt. 2,97,attachment (she wanna love),71,100
199,Boy's a liar Pt. 2,97,"Hey, Mickey!",70,100
200,Chemical,77,Don't,84,80
201,Chemical,77,Everybody Dies In Their Nightmares,84,80
202,Chemical,77,Money Trees,83,80
203,Chemical,77,1985 - Intro to “The Fall Off”,65,80
204,Chemical,77,Off Deez (with J. Cole),65,80
205,Chemical,77,Suicidal,75,80
206,Chemical,77,Wolves,68,80
207,Chemical,77,Drive My Car,42,80
208,Chemical,77,They Ain't You,54,80
209,Chemical,77,"That's My N**** (with Meek Mill, YG & Snoop Dogg)",69,80
210,Chemical,77,TOES (feat. Lil Baby & Moneybagg Yo),69,80
211,Chemical,77,DEVASTATED,70,80
212,Chemical,77,Fuck It Off (feat. Chris Brown),58,80
213,Chemical,77,Just Let Go,49,80
214,Chemical,77,Selfish,56,80
215,Chemical,77,BAD!,75,80
216,Chemical,77,My Stress,67,80
217,Chemical,77,Robbery,82,80
218,Chemical,77,Money Made Me Do It,61,80
219,Chemical,77,N95,81,80
220,Flowers,98,Saturday Night Divas,49,100
221,Flowers,98,Love You Forever,29,100
222,Flowers,98,No Excuses,61,100
223,Flowers,98,Every Rose Has Its Thorn,54,100
224,Flowers,98,Va Va Voom,68,100
225,Flowers,98,Switch,50,100
226,Flowers,98,Feels Like Loneliness,42,100
227,Flowers,98,I Love You Bitch,63,100
228,Flowers,98,Die Tonight,4,100
229,Flowers,98,I Wish I Was Gay,10,100
230,Flowers,98,All I See Is Gold,37,100
231,Flowers,98,Complicated,81,100
232,Flowers,98,Crying in the Club,71,100
233,Flowers,98,WOW (feat. Sabrina Carpenter) - Remix,65,100
234,Flowers,98,Royals,36,100
235,Flowers,98,Rock Bottom,20,100
236,Flowers,98,So over You,8,100
237,Flowers,98,Nothing Breaks Like a Heart - Acoustic Version,56,100
238,Flowers,98,Sleepover,52,100
239,Flowers,98,Physical,78,100
240,ceilings,91,SNAP,90,100
241,ceilings,91,The Day That I Met You,58,100
242,ceilings,91,Heaven,88,100
243,ceilings,91,Stupid,52,100
244,ceilings,91,Strange,74,100
245,ceilings,91,things i wish you said,67,100
246,ceilings,91,pain's my only home,61,100
247,ceilings,91,I GUESS I'M IN LOVE,69,100
248,ceilings,91,Apocalypse,84,100
249,ceilings,91,Northern Attitude,72,100
250,ceilings,91,Die For You (with Ariana Grande) - Remix,87,100
251,ceilings,91,How Do I Tell You?,53,100
252,ceilings,91,that way,78,100
253,ceilings,91,Halley's Comet,77,100
254,ceilings,91,Those Eyes,90,100
255,ceilings,91,Dawns (feat. Maggie Rogers),79,100
256,ceilings,91,firearm,59,100
257,ceilings,91,Please Notice,72,100
258,ceilings,91,"You're On Your Own, Kid",84,100
259,ceilings,91,Fine Line,78,100
260,Hell N Back,84,Dirty Airforces,41,90
261,Hell N Back,84,Sea Sick,60,90
262,Hell N Back,84,Decent Audio,38,90
263,Hell N Back,84,Glass House,54,90
264,Hell N Back,84,disassociate.,19,90
265,Hell N Back,84,Super Bounce,59,90
266,Hell N Back,84,Patience (feat. Jorja Smith),46,90
267,Hell N Back,84,C U Girl,79,90
268,Hell N Back,84,FACE,64,90
269,Hell N Back,84,Hope That You Miss Me (feat. Bakar),32,90
270,Hell N Back,84,26 Ghosts,46,90
271,Hell N Back,84,All In,53,90
272,Hell N Back,84,petty crime,43,90
273,Hell N Back,84,Don't Forget 2 Be Nice,30,90
274,Hell N Back,84,Love Island Freestyle,50,90
275,Hell N Back,84,Handstand,25,90
276,Hell N Back,84,Whats For Dinner?,54,90
277,Hell N Back,84,Way I Feel,30,90
278,Hell N Back,84,PC Plod,33,90
279,Hell N Back,84,Atomic Vomit,69,90
280,Escapism.,89,i'm yours,82,90
281,Escapism.,89,Keeping Your Head Up - Jonas Blue Remix; Radio Edit [Radio Edit],67,90
282,Escapism.,89,Change Your Mind,41,90
283,Escapism.,89,Lifetime (with Ty Dolla $ign & 070 Shake),65,90
284,Escapism.,89,Born Again,65,90
285,Escapism.,89,White Tee (with NO1-NOAH),79,90
286,Escapism.,89,Mount Everest,83,90
287,Escapism.,89,Lavender Sunflower,76,90
288,Escapism.,89,BILLIE EILISH.,80,90
289,Escapism.,89,Over - Sped Up,65,90
290,Escapism.,89,Spin Back x Collide,63,90
291,Escapism.,89,Bikini Bottom,57,90
292,Escapism.,89,Shhh,39,90
293,Escapism.,89,Starlight,77,90
294,Escapism.,89,Stargirl Interlude,85,90
295,Escapism.,89,obsessed,66,90
296,Escapism.,89,Kill Bill - Sped Up Version,81,90
297,Escapism.,89,Escapism. - Live At Metropolis,36,90
298,Escapism.,89,brrr,64,90
299,Escapism.,89,Long Way 2 Go,76,90
300,REACT,76,Temptation (feat. Poppy Baskcomb),66,80
301,REACT,76,Risk It All - Club Mix,38,80
302,REACT,76,Get Lucky (With Kelli-Leigh),34,80
303,REACT,76,V I B R A T I O N,59,80
304,REACT,76,Put A Light On Me,65,80
305,REACT,76,Lay Low,67,80
306,REACT,76,I Just Want Your Touch,42,80
307,REACT,76,I'll Be Around,52,80
308,REACT,76,Lose Control,58,80
309,REACT,76,B.O.T.A. (Baddest Of Them All) - Edit,82,80
310,REACT,76,No Sleep,69,80
311,REACT,76,New York ft. mazie,57,80
312,REACT,76,Oh My (feat. Moby),68,80
313,REACT,76,City Of Love,59,80
314,REACT,76,10:35 (feat. Tate McRae) - Tiësto’s New Year’s Eve VIP Remix,60,80
315,REACT,76,Young Hearts Run Free (2023 Edit),60,80
316,REACT,76,Good Luck,60,80
317,REACT,76,Under Pressure,62,80
318,REACT,76,Done To Me,63,80
319,REACT,76,All Or Nothing,75,80
320,Calm Down (with Selena Gomez),96,Crazy What Love Can Do,82,100
321,Calm Down (with Selena Gomez),96,Kiss Me,79,100
322,Calm Down (with Selena Gomez),96,The Heart Wants What It Wants,76,100
323,Calm Down (with Selena Gomez),96,Deep Down (feat. Never Dull),82,100
324,Calm Down (with Selena Gomez),96,Can't Tame Her,82,100
325,Calm Down (with Selena Gomez),96,Maybe You’re The Problem,71,100
326,Calm Down (with Selena Gomez),96,"Yeh Yeh (feat. Rema, Ayra Starr & KDDO)",61,100
327,Calm Down (with Selena Gomez),96,Coming Back For You,65,100
328,Calm Down (with Selena Gomez),96,Lost Me,76,100
329,Calm Down (with Selena Gomez),96,Ta Ta Ta (with Jason Derulo),65,100
330,Calm Down (with Selena Gomez),96,Mexico,44,100
331,Calm Down (with Selena Gomez),96,The Motto,65,100
332,Calm Down (with Selena Gomez),96,For You,38,100
333,Calm Down (with Selena Gomez),96,Peace Be Unto You (PBUY),66,100
334,Calm Down (with Selena Gomez),96,Fetish (feat. Gucci Mane),73,100
335,Calm Down (with Selena Gomez),96,Oroma Baby,50,100
336,Calm Down (with Selena Gomez),96,All Over,61,100
337,Calm Down (with Selena Gomez),96,People,92,100
338,Calm Down (with Selena Gomez),96,Wrecking Ball,82,100
339,Calm Down (with Selena Gomez),96,Who We Love (feat. Ed Sheeran),75,100
340,Baby Don't Hurt Me,87,Don't You Worry - Farruko Remix,35,90
341,Baby Don't Hurt Me,87,Heaven Is A Place On Earth,69,90
342,Baby Don't Hurt Me,87,Love Don't Let Me Go,63,90
343,Baby Don't Hurt Me,87,Praising You (feat. Fatboy Slim),70,90
344,Baby Don't Hurt Me,87,When I’m Gone (with Katy Perry),79,90
345,Baby Don't Hurt Me,87,Red Flags,71,90
346,Baby Don't Hurt Me,87,Money On My Mind,61,90
347,Baby Don't Hurt Me,87,Bam Bam (feat. Ed Sheeran),80,90
348,Baby Don't Hurt Me,87,In The End,54,90
349,Baby Don't Hurt Me,87,I Ain't Worried,55,90
350,Baby Don't Hurt Me,87,Expiration Date_demo_V2.wav,58,90
351,Baby Don't Hurt Me,87,Unholy (feat. Kim Petras),86,90
352,Baby Don't Hurt Me,87,Drive - Radio Edit,43,90
353,Baby Don't Hurt Me,87,Calm Down (with Selena Gomez),96,90
354,Baby Don't Hurt Me,87,Instagram,64,90
355,Baby Don't Hurt Me,87,One Kiss (with Dua Lipa),88,90
356,Baby Don't Hurt Me,87,Questions,71,90
357,Baby Don't Hurt Me,87,All Or Nothing,75,90
358,Baby Don't Hurt Me,87,Never Gonna Not Dance Again,74,90
359,Baby Don't Hurt Me,87,Dirty Dancing,67,90
360,See You Again (feat. Kali Uchis),91,Superstar Sh*t,73,100
361,See You Again (feat. Kali Uchis),91,Belong to the City,77,100
362,See You Again (feat. Kali Uchis),91,Wait a Minute!,82,100
363,See You Again (feat. Kali Uchis),91,Sober,72,100
364,See You Again (feat. Kali Uchis),91,Rich Spirit,79,100
365,See You Again (feat. Kali Uchis),91,The Color Violet,88,100
366,See You Again (feat. Kali Uchis),91,Passion,67,100
367,See You Again (feat. Kali Uchis),91,Thinkin Bout You,80,100
368,See You Again (feat. Kali Uchis),91,Beware,73,100
369,See You Again (feat. Kali Uchis),91,EARFQUAKE,83,100
370,See You Again (feat. Kali Uchis),91,Miss The Rage (feat. Playboi Carti),76,100
371,See You Again (feat. Kali Uchis),91,Show Me How,81,100
372,See You Again (feat. Kali Uchis),91,White Tee (with NO1-NOAH),79,100
373,See You Again (feat. Kali Uchis),91,"Palace/Curse (feat. Tyler, The Creator & Steve Lacy)",68,100
374,See You Again (feat. Kali Uchis),91,This Is America,72,100
375,See You Again (feat. Kali Uchis),91,Alright,82,100
376,See You Again (feat. Kali Uchis),91,Flight 22,61,100
377,See You Again (feat. Kali Uchis),91,Biking,70,100
378,See You Again (feat. Kali Uchis),91,ball w/o you,83,100
379,See You Again (feat. Kali Uchis),91,goosebumps,86,100
380,Heaven,88,Daydreaming,77,90
381,Heaven,88,Pineapple Sunrise,62,90
382,Heaven,88,Good Feeling (feat. Rhys Lewis),67,90
383,Heaven,88,In The Night,57,90
384,Heaven,88,Lavender Haze,89,90
385,Heaven,88,Remind Me,70,90
386,Heaven,88,die first,72,90
387,Heaven,88,We’re All Gonna Die (with Noah Kahan),67,90
388,Heaven,88,Lost The Breakup,75,90
389,Heaven,88,FALLING 4 SOMEBODY,57,90
390,Heaven,88,Bets On Us,58,90
391,Heaven,88,Vicious,68,90
392,Heaven,88,Boat,78,90
393,Heaven,88,only wanna dance,62,90
394,Heaven,88,Holding On To Heartache,63,90
395,Heaven,88,History,75,90
396,Heaven,88,River,86,90
397,Heaven,88,You Only Love Me,76,90
398,Heaven,88,Late Night Talking,89,90
399,Heaven,88,do u really? (with Ruth B.),65,90
400,Rush,81,Play Play (feat. Burna Boy),64,90
401,Rush,81,Forever (feat. Fridayy),78,90
402,Rush,81,Pablo Escobar,49,90
403,Rush,81,Aboboyaa (feat. Burna Boy),60,90
404,Rush,81,Bloody Samaritan - Mixed,42,90
405,Rush,81,WO WO,57,90
406,Rush,81,Bella,54,90
407,Rush,81,Machala,53,90
408,Rush,81,Touch It - Remix,59,90
409,Rush,81,Mood,55,90
410,Rush,81,Different (With Majid Jordan),58,90
411,Rush,81,Bloody Samaritan (Mixed),0,90
412,Rush,81,Bandana,71,90
413,Rush,81,NANA,60,90
414,Rush,81,On the Low,74,90
415,Rush,81,Repeat,35,90
416,Rush,81,Always on my mind,0,90
417,Rush,81,Shekini,55,90
418,Rush,81,Foreplay,61,90
419,Rush,81,Godly,59,90
420,Here,69,Love Backs Down,35,70
421,Here,69,Final Say,13,70
422,Here,69,Seventeen Going Under - Edit,58,70
423,Here,69,I Wish (feat. Mabel),68,70
424,Here,69,Oh My My,12,70
425,Here,69,Memory Lane (feat. Tom Grennan),55,70
426,Here,69,Make Believe,45,70
427,Here,69,Love Has Different Ways to Say Goodbye,31,70
428,Here,69,Better By Now,32,70
429,Here,69,Perfume,28,70
430,Here,69,No Warning,8,70
431,Here,69,Freakwave,15,70
432,Here,69,Midnight,48,70
433,Here,69,Burn,18,70
434,Here,69,Feel Alive,21,70
435,Here,69,Drunk on You,21,70
436,Here,69,We Get By,47,70
437,Here,69,Royal Highness,51,70
438,Here,69,Kampfire Vampire,53,70
439,Here,69,Nobody Knows,14,70
440,Players,93,Reminder,90,100
441,Players,93,Just Wanna Rock,91,100
442,Players,93,6000 Degrees (AH HA),69,100
443,Players,93,Potion (with Dua Lipa & Young Thug),66,100
444,Players,93,Seven,69,100
445,Players,93,OOGA BOOGA!,71,100
446,Players,93,Material Girl,63,100
447,Players,93,Superhero (Heroes & Villains) [with Future & Chris Brown],90,100
448,Players,93,Anthem (with Big Sean & EST Gee) - Soundtrack Version,66,100
449,Players,93,Blow It (feat. Kali),40,100
450,Players,93,Eat Your Young,81,100
451,Players,93,GASLIGHT,59,100
452,Players,93,SIXTEEN,59,100
453,Players,93,Deep Down (feat. Never Dull),82,100
454,Players,93,Shabooya - Remix,55,100
455,Players,93,Pray It Away,57,100
456,Players,93,Slow Motion (feat. Wizkid),69,100
457,Players,93,LONDON (feat. J. Cole),64,100
458,Players,93,I Just Came To Dance,58,100
459,Players,93,The King's Affirmation,70,100
460,Creepin' (with The Weeknd & 21 Savage),96,Solo,82,100
461,Creepin' (with The Weeknd & 21 Savage),96,Love In The Dark,83,100
462,Creepin' (with The Weeknd & 21 Savage),96,FaceTime,61,100
463,Creepin' (with The Weeknd & 21 Savage),96,Father Stretch My Hands Pt. 1,84,100
464,Creepin' (with The Weeknd & 21 Savage),96,Sweater Weather,91,100
465,Creepin' (with The Weeknd & 21 Savage),96,DO IT AGAIN (feat. 2Rare),65,100
466,Creepin' (with The Weeknd & 21 Savage),96,MIDDLE OF THE NIGHT,87,100
467,Creepin' (with The Weeknd & 21 Savage),96,Shadows (with Kehlani),63,100
468,Creepin' (with The Weeknd & 21 Savage),96,Trust,80,100
469,Creepin' (with The Weeknd & 21 Savage),96,Pray 4 Love (feat. The Weeknd),65,100
470,Creepin' (with The Weeknd & 21 Savage),96,I Hate U,78,100
471,Creepin' (with The Weeknd & 21 Savage),96,Who We Love (feat. Ed Sheeran),75,100
472,Creepin' (with The Weeknd & 21 Savage),96,Heaven,88,100
473,Creepin' (with The Weeknd & 21 Savage),96,Her Old Friends,66,100
474,Creepin' (with The Weeknd & 21 Savage),96,I GUESS IT'S LOVE?,74,100
475,Creepin' (with The Weeknd & 21 Savage),96,Slidin,71,100
476,Creepin' (with The Weeknd & 21 Savage),96,Self Esteem - #1 HIT - Kisses for Me,71,100
477,Creepin' (with The Weeknd & 21 Savage),96,Walk Em Down (Don't Kill Civilians) [with 21 Savage & feat. Mustafa],74,100
478,Creepin' (with The Weeknd & 21 Savage),96,Calm Down (with Selena Gomez),96,100
479,Creepin' (with The Weeknd & 21 Savage),96,You Know What I Need,66,100
480,Anti-Hero,94,Rose Colored Lenses,80,100
481,Anti-Hero,94,Power,75,100
482,Anti-Hero,94,She Looks So Perfect,75,100
483,Anti-Hero,94,Super Freaky Girl,76,100
484,Anti-Hero,94,Perfect,80,100
485,Anti-Hero,94,Wildest Dreams (Taylor's Version),84,100
486,Anti-Hero,94,Difficult,66,100
487,Anti-Hero,94,Heart Attack - Rock Version,76,100
488,Anti-Hero,94,Daylight,93,100
489,Anti-Hero,94,Love Me Like You Do,65,100
490,Anti-Hero,94,watch,59,100
491,Anti-Hero,94,Bad Decisions (with BTS & Snoop Dogg),78,100
492,Anti-Hero,94,Robbers,75,100
493,Anti-Hero,94,BREAK MY SOUL,77,100
494,Anti-Hero,94,hope ur ok,74,100
495,Anti-Hero,94,Remember - Acoustic,64,100
496,Anti-Hero,94,Irrelevant,66,100
497,Anti-Hero,94,Come Back Home,74,100
498,Anti-Hero,94,Shirt,84,100
499,Anti-Hero,94,It'll Be Okay,78,100
500,Whistle (feat. Calum Scott),80,Million Dollar Baby - Nathan Dawe Remix,58,80
501,Whistle (feat. Calum Scott),80,Is It Love,55,80
502,Whistle (feat. Calum Scott),80,Heart Wants What It Wants - Nicky Romero Remix,53,80
503,Whistle (feat. Calum Scott),80,We Got Love,59,80
504,Whistle (feat. Calum Scott),80,Heavy Metal Love,75,80
505,Whistle (feat. Calum Scott),80,No Air,48,80
506,Whistle (feat. Calum Scott),80,Lay Low (Nick Strand x Mio Remix),59,80
507,Whistle (feat. Calum Scott),80,Without it,54,80
508,Whistle (feat. Calum Scott),80,Left & Right,67,80
509,Whistle (feat. Calum Scott),80,Feels So Good,50,80
510,Whistle (feat. Calum Scott),80,Day N Night,57,80
511,Whistle (feat. Calum Scott),80,"World, Hold On - FISHER Rework",62,80
512,Whistle (feat. Calum Scott),80,YOU (feat. Dotter),55,80
513,Whistle (feat. Calum Scott),80,Lovefool,71,80
514,Whistle (feat. Calum Scott),80,Play - Purple Disco Machine Remix,47,80
515,Whistle (feat. Calum Scott),80,Clouds,69,80
516,Whistle (feat. Calum Scott),80,2 Die 4 (Jax Jones Midnight Snacks Remix),65,80
517,Whistle (feat. Calum Scott),80,When I Get There,70,80
518,Whistle (feat. Calum Scott),80,Saturday Night (Feel The Groove),42,80
519,Whistle (feat. Calum Scott),80,"Use Me (Brutal Hearts) (feat. Sturgill Simpson, Dove Cameron & Johnny Blue Skies)",72,80
520,Tony Soprano 2,68,Golden (Soul Food),49,70
521,Tony Soprano 2,68,Private Ryan,43,70
522,Tony Soprano 2,68,TBK,33,70
523,Tony Soprano 2,68,Snakes & Ladders,55,70
524,Tony Soprano 2,68,Bentayga,50,70
525,Tony Soprano 2,68,Dark Days,42,70
526,Tony Soprano 2,68,Teddy Bruckshot 2,48,70
527,Tony Soprano 2,68,Straight Drop 2,44,70
528,Tony Soprano 2,68,Didn't Know,50,70
529,Tony Soprano 2,68,God's Clever,57,70
530,Tony Soprano 2,68,Free The Guys,43,70
531,Tony Soprano 2,68,Send Nudes,65,70
532,Tony Soprano 2,68,WW2,47,70
533,Tony Soprano 2,68,8 To The 9 & Back,46,70
534,Tony Soprano 2,68,Versus,53,70
535,Tony Soprano 2,68,Gun Flu,39,70
536,Tony Soprano 2,68,Barbados,47,70
537,Tony Soprano 2,68,F.W.M.,47,70
538,Tony Soprano 2,68,Trip,51,70
539,Tony Soprano 2,68,Must Be,54,70
540,Can't Tame Her,82,Midnight Dreams,58,90
541,Can't Tame Her,82,Saturday/Sunday,75,90
542,Can't Tame Her,82,Super Freaky Girl,76,90
543,Can't Tame Her,82,Heartbeat,65,90
544,Can't Tame Her,82,Million Dollar Baby,70,90
545,Can't Tame Her,82,How Do I Say Goodbye,77,90
546,Can't Tame Her,82,Forget Me,84,90
547,Can't Tame Her,82,Hard Out Here.,62,90
548,Can't Tame Her,82,Uncover - Callaway & Rosta Remix Extended,5,90
549,Can't Tame Her,82,I Go Dancing (feat. Ella Henderson),66,90
550,Can't Tame Her,82,Words (feat. Zara Larsson) [Majestic Remix],53,90
551,Can't Tame Her,82,Other Side of the Moon,64,90
552,Can't Tame Her,82,My Mind & Me,77,90
553,Can't Tame Her,82,Don't Be so Hard on Yourself,61,90
554,Can't Tame Her,82,Muddy Feet (feat. Sia),77,90
555,Can't Tame Her,82,Single,47,90
556,Can't Tame Her,82,Gimme Your Love,55,90
557,Can't Tame Her,82,Dancing Feet (feat. DNCE),66,90
558,Can't Tame Her,82,Can't Tame Her - Acoustic,57,90
559,Can't Tame Her,82,So Sick,63,90
560,10:35,90,Cry (Just A Little),39,90
561,10:35,90,Dawn,40,90
562,10:35,90,Fallout,46,90
563,10:35,90,See The Sun - Dan Stone Rework,30,90
564,10:35,90,Arlanda - Original Mix Edit,23,90
565,10:35,90,Obsessed - Tiësto Remix,53,90
566,10:35,90,We Rock - Original Mix,24,90
567,10:35,90,Beating Of My Heart (feat. Heidrun) - Matisse & Sadko Remix,21,90
568,10:35,90,Brace Yourself - Extended Mix,16,90
569,10:35,90,Riddles In The Sand - Radio Edit,22,90
570,10:35,90,The Only Way Is Up,36,90
571,10:35,90,Proper Education - Radio Edit,38,90
572,10:35,90,Platinum - Radio Edit,13,90
573,10:35,90,J'ai Envie De Toi - Extended Mix,35,90
574,10:35,90,Traffic - Richard Durand Remix,19,90
575,10:35,90,Rocker Monster,8,90
576,10:35,90,Silent Prophecy - Original Mix,13,90
577,10:35,90,I'm Good (Blue) - Tiësto Remix,64,90
578,10:35,90,Virus (How About Now),52,90
579,10:35,90,Zorro,0,90
580,Giving Me,70,I Need You,63,70
581,Giving Me,70,Stuck In My Head,51,70
582,Giving Me,70,Just Say - DJ Sliink Remix,45,70
583,Giving Me,70,The Calling,63,70
584,Giving Me,70,Shut It Down,57,70
585,Giving Me,70,Baianá,66,70
586,Giving Me,70,Every Time (feat. Damon Trueitt),36,70
587,Giving Me,70,Bright Lights (feat. AR/CO),67,70
588,Giving Me,70,Afraid To Feel - Tommy Villiers Remix,37,70
589,Giving Me,70,Moon Groove,50,70
590,Giving Me,70,Hide & Seek,38,70
591,Giving Me,70,Enchanté (feat. Clementine Douglas),46,70
592,Giving Me,70,Meant To Be,49,70
593,Giving Me,70,Real Love,51,70
594,Giving Me,70,Home For My Heart - Vibe Chemistry Remix,51,70
595,Giving Me,70,Love Nor Money,58,70
596,Giving Me,70,Can't Help But Think About You,54,70
597,Giving Me,70,Make You Happy,48,70
598,Giving Me,70,CIRCLES (feat. Paige Eliza),48,70
599,Giving Me,70,Pyramid - The Blessed Madonna Remix,42,70
600,The Feels,66,"Like Letters, Words",10,70
601,The Feels,66,Fatherhood,4,70
602,The Feels,66,Desiderium,25,70
603,The Feels,66,High School Football,18,70
604,The Feels,66,No Coming With You,10,70
605,The Feels,66,Move Your Head,18,70
606,The Feels,66,Sydenham Place,16,70
607,The Feels,66,Brinawa St.,27,70
608,The Feels,66,God's Empty Chair,14,70
609,The Feels,66,Imagination,36,70
610,The Feels,66,Beautiful Things,14,70
611,The Feels,66,Tales of Hollywood,8,70
612,The Feels,66,open up,12,70
613,The Feels,66,One More Day,8,70
614,The Feels,66,How To Run,13,70
615,The Feels,66,Creepin’,29,70
616,The Feels,66,Chalice,26,70
617,The Feels,66,Lavender,15,70
618,The Feels,66,Snowflakes,8,70
619,The Feels,66,Skeleton Garden,14,70
620,Princess Diana (with Nicki Minaj),85,Up,72,90
621,Princess Diana (with Nicki Minaj),85,Good Days,80,90
622,Princess Diana (with Nicki Minaj),85,NARCISSISTIC PERSONALITY DISORDER,80,90
623,Princess Diana (with Nicki Minaj),85,Creepin' (feat. 21 Savage) - Remix,73,90
624,Princess Diana (with Nicki Minaj),85,Caught A Body (feat. Ty Dolla $ign),70,90
625,Princess Diana (with Nicki Minaj),85,Special (feat. SZA),78,90
626,Princess Diana (with Nicki Minaj),85,People,92,90
627,Princess Diana (with Nicki Minaj),85,Be Somebody,58,90
628,Princess Diana (with Nicki Minaj),85,Wicked Freestyle,70,90
629,Princess Diana (with Nicki Minaj),85,Blind,83,90
630,Princess Diana (with Nicki Minaj),85,Millions - Jumbo Sounds Mix,53,90
631,Princess Diana (with Nicki Minaj),85,Search & Rescue,91,90
632,Princess Diana (with Nicki Minaj),85,Hell Yeah,68,90
633,Princess Diana (with Nicki Minaj),85,Daylight,93,90
634,Princess Diana (with Nicki Minaj),85,By The End Of The Night,61,90
635,Princess Diana (with Nicki Minaj),85,Bussin (with Lil Baby),57,90
636,Princess Diana (with Nicki Minaj),85,CHAMPIONS,45,90
637,Princess Diana (with Nicki Minaj),85,Royal Flush (feat. Young Thug),68,90
638,Princess Diana (with Nicki Minaj),85,All Eyes on You (feat. Chris Brown & Nicki Minaj),70,90
639,Princess Diana (with Nicki Minaj),85,ALIEN SUPERSTAR,77,90
640,Sure Thing,92,Still Think About You,78,100
641,Sure Thing,92,KU LO SA - A COLORS SHOW,81,100
642,Sure Thing,92,Show Me Love (feat. Miguel),56,100
643,Sure Thing,92,Language,75,100
644,Sure Thing,92,Again,68,100
645,Sure Thing,92,Thinkin Bout You,80,100
646,Sure Thing,92,All That Matters - Single Version,32,100
647,Sure Thing,92,Right My Wrongs,77,100
648,Sure Thing,92,All My Friends (feat. Tinashe & Chance the Rapper),72,100
649,Sure Thing,92,Collide (Sped Up Remix),76,100
650,Sure Thing,92,Beautiful Girls,79,100
651,Sure Thing,92,THE NEWS,67,100
652,Sure Thing,92,Promiscuous,84,100
653,Sure Thing,92,SWEET / I THOUGHT YOU WANTED TO DANCE (feat. Brent Faiyaz & Fana Hues),79,100
654,Sure Thing,92,Love Songs - Bonus,79,100
655,Sure Thing,92,hoe (feat. Miguel),47,100
656,Sure Thing,92,Secrets,81,100
657,Sure Thing,92,Arch & Point,33,100
658,Sure Thing,92,This Is,69,100
659,Sure Thing,92,Clouded,82,100
660,Forget Me,84,Before You,73,90
661,Forget Me,84,Happier Than Ever,66,90
662,Forget Me,84,AVO TOAST,62,90
663,Forget Me,84,7 Minutes,62,90
664,Forget Me,84,Dancing’s Done,68,90
665,Forget Me,84,Broken,73,90
666,Forget Me,84,Lionheart (Fearless),78,90
667,Forget Me,84,Too Good At Goodbyes,85,90
668,Forget Me,84,Good Without,65,90
669,Forget Me,84,All For You,59,90
670,Forget Me,84,Seven,69,90
671,Forget Me,84,Get On My Love,55,90
672,Forget Me,84,Hold Me Closer,72,90
673,Forget Me,84,I'm In Love With You,75,90
674,Forget Me,84,I Don’t Think That I Like Her,71,90
675,Forget Me,84,Celestial,58,90
676,Forget Me,84,One Of Us,70,90
677,Forget Me,84,Daddy's Eyes,61,90
678,Forget Me,84,Calm Down (with Selena Gomez),96,90
679,Forget Me,84,she's all i wanna be,74,90
680,Us Against the World,75,Airmax's,53,80
681,Us Against the World,75,Mad About Bars - S5-E8 Pt2,62,80
682,Us Against the World,75,OCD RIDDIM (Part1),34,80
683,Us Against the World,75,100mph Freestyle X2,50,80
684,Us Against the World,75,Come & Go,55,80
685,Us Against the World,75,Next Up - S2-E14 - Pt. 1,56,80
686,Us Against the World,75,go (feat. Loski & Russ Millions),57,80
687,Us Against the World,75,In and Out (feat. Ay Em & Diztortion),51,80
688,Us Against the World,75,Bruce Lee,59,80
689,Us Against the World,75,You (feat. Dirtbike LB & Young Adz),55,80
690,Us Against the World,75,Always (feat. Black Sherif),57,80
691,Us Against the World,75,18+,51,80
692,Us Against the World,75,Mad About Bars - S5-E12,56,80
693,Us Against the World,75,Starlight,77,80
694,Us Against the World,75,Play Play (feat. Burna Boy),64,80
695,Us Against the World,75,She Wanna,47,80
696,Us Against the World,75,Patience,48,80
697,Us Against the World,75,Lucious,34,80
698,Us Against the World,75,Get Lit,52,80
699,Us Against the World,75,24's,61,80
700,Last Night,89,What’s Your Country Song,70,90
701,Last Night,89,Where I Come From,67,90
702,Last Night,89,Start Nowhere,66,90
703,Last Night,89,My Bar,56,90
704,Last Night,89,Heart Like A Truck,72,90
705,Last Night,89,Country On,55,90
706,Last Night,89,Stone,70,90
707,Last Night,89,Up Down,70,90
708,Last Night,89,I Ain't Going Nowhere,63,90
709,Last Night,89,Everything I Love,81,90
710,Last Night,89,Pretty Little Poison,71,90
711,Last Night,89,Dawns (feat. Maggie Rogers),79,90
712,Last Night,89,Would You Go With Me,72,90
713,Last Night,89,Settle Me Down,71,90
714,Last Night,89,Your Heart Or Mine,75,90
715,Last Night,89,Girl in the Mirror,67,90
716,Last Night,89,Long Live Cowgirls (with Cody Johnson),60,90
717,Last Night,89,Break Up in the End,62,90
718,Last Night,89,Something in the Orange,88,90
719,Last Night,89,Me On Whiskey,69,90
720,Pretty Boys,70,Hey!,25,70
721,Pretty Boys,70,SAD B!TCH,70,70
722,Pretty Boys,70,Rock Bottom,33,70
723,Pretty Boys,70,Matty Healy,41,70
724,Pretty Boys,70,Perfect For You,61,70
725,Pretty Boys,70,Too Close To Call,21,70
726,Pretty Boys,70,ASSHOLE,44,70
727,Pretty Boys,70,Pretty Good Bad News,17,70
728,Pretty Boys,70,Friendship Bracelet,27,70
729,Pretty Boys,70,Boyfriend Of The Year,55,70
730,Pretty Boys,70,Pity Party,37,70
731,Pretty Boys,70,Love Him I Don’t,53,70
732,Pretty Boys,70,Slutphase,48,70
733,Pretty Boys,70,X&Y,37,70
734,Pretty Boys,70,Walk - In The Room,54,70
735,Pretty Boys,70,Ghost - Acoustic,27,70
736,Pretty Boys,70,Famous Love Song,29,70
737,Pretty Boys,70,Princess Dress,30,70
738,Pretty Boys,70,Cate’s Brother,59,70
739,Pretty Boys,70,Don't Call It Love,34,70
740,Waffle House,81,Feelings,50,90
741,Waffle House,81,Blindsided,75,90
742,Waffle House,81,Whistle (feat. Calum Scott),80,90
743,Waffle House,81,Time Bomb,56,90
744,Waffle House,81,F U Goodbye,60,90
745,Waffle House,81,Higher Than Heaven,55,90
746,Waffle House,81,My Stupid Heart,74,90
747,Waffle House,81,I Don’t Think That I Like Her,71,90
748,Waffle House,81,10:35,68,90
749,Waffle House,81,Wish You The Best,84,90
750,Waffle House,81,Loser Kid 2.0,59,90
751,Waffle House,81,I Remember,60,90
752,Waffle House,81,Feels This Good,71,90
753,Waffle House,81,Feather,77,90
754,Waffle House,81,past life,59,90
755,Waffle House,81,About Damn Time,80,90
756,Waffle House,81,Got Me Good,63,90
757,Waffle House,81,Never Be Mine,61,90
758,Waffle House,81,Boys Don't Cry,48,90
759,Waffle House,81,Fly With Me - Digital Dog Club Remix,0,90
760,Flip A Switch.,76,Come Over (feat. Popcaan),63,80
761,Flip A Switch.,76,Nausea,29,80
762,Flip A Switch.,76,Solitude (with BIA & Lucky Daye),54,80
763,Flip A Switch.,76,Tipsy (feat. RAYE),51,80
764,Flip A Switch.,76,Blind,83,80
765,Flip A Switch.,76,sushi for breakfast,59,80
766,Flip A Switch.,76,Until The End Of Time - Spotify Singles,64,80
767,Flip A Switch.,76,Fly Girl (feat. Missy Elliott),76,80
768,Flip A Switch.,76,soso,77,80
769,Flip A Switch.,76,Goodbye Paris,49,80
770,Flip A Switch.,76,3 Boys,72,80
771,Flip A Switch.,76,Too Well,73,80
772,Flip A Switch.,76,Too Late,58,80
773,Flip A Switch.,76,Change Your Mind,41,80
774,Flip A Switch.,76,Around Me (feat. Don Toliver),80,80
775,Flip A Switch.,76,Fantasy (feat. Don Toliver),77,80
776,Flip A Switch.,76,Us Against the World - Remix,71,80
777,Flip A Switch.,76,Search & Rescue,91,80
778,Flip A Switch.,76,Overgrown,46,80
779,Flip A Switch.,76,In Ha Mood,85,80
780,messy in heaven,77,B.O.T.A. (Baddest Of Them All) - Edit,82,80
781,messy in heaven,77,Unfoolish (You Must Be Used To Me Crying),60,80
782,messy in heaven,77,Keep You As A Memory,43,80
783,messy in heaven,77,Forever Falling,33,80
784,messy in heaven,77,Breathe,53,80
785,messy in heaven,77,By Your Side,58,80
786,messy in heaven,77,Out Of Nowhere,72,80
787,messy in heaven,77,Bad Decisions,43,80
788,messy in heaven,77,Rubadub - Mixed,52,80
789,messy in heaven,77,low down - Acoustic Version,29,80
790,messy in heaven,77,(Over)Thinking,56,80
791,messy in heaven,77,Dancing In The Shadows,47,80
792,messy in heaven,77,Miracle (with Ellie Goulding),90,80
793,messy in heaven,77,Magic Carpet,52,80
794,messy in heaven,77,PSYCHO,74,80
795,messy in heaven,77,Black Mascara.,63,80
796,messy in heaven,77,My Love - Higher & Faster,35,80
797,messy in heaven,77,Sweet Lies,61,80
798,messy in heaven,77,Out in the Streets,56,80
799,messy in heaven,77,Right Here - Andy C Remix,51,80
800,Double Fantasy (with Future),87,Cool,68,90
801,Double Fantasy (with Future),87,Cheatback,65,90
802,Double Fantasy (with Future),87,Give You What You Want,73,90
803,Double Fantasy (with Future),87,Quickie,72,90
804,Double Fantasy (with Future),87,Playing Games (with Bryson Tiller) - Extended Version,78,90
805,Double Fantasy (with Future),87,Two Tens (feat. Anderson .Paak),74,90
806,Double Fantasy (with Future),87,AMERICA HAS A PROBLEM,80,90
807,Double Fantasy (with Future),87,Let Me Go,72,90
808,Double Fantasy (with Future),87,Shameless,82,90
809,Double Fantasy (with Future),87,Activate (feat. Future),63,90
810,Double Fantasy (with Future),87,Lost Me,76,90
811,Double Fantasy (with Future),87,Flex Up (feat. Future & Playboi Carti),66,90
812,Double Fantasy (with Future),87,Dirt,67,90
813,Double Fantasy (with Future),87,Shirt,84,90
814,Double Fantasy (with Future),87,VOID,69,90
815,Double Fantasy (with Future),87,The Morning - Original,73,90
816,Double Fantasy (with Future),87,pRETTy,67,90
817,Double Fantasy (with Future),87,Creepin' (feat. 21 Savage) - Remix,73,90
818,Double Fantasy (with Future),87,Here We Go Again,78,90
819,Double Fantasy (with Future),87,Sleep Well,77,90
820,golden hour,91,Reflections,81,100
821,golden hour,91,Rockstar,71,100
822,golden hour,91,Snooze,92,100
823,golden hour,91,Paper Crown,65,100
824,golden hour,91,this is how you fall in love,75,100
825,golden hour,91,All Of The Girls You Loved Before,91,100
826,golden hour,91,Paris in the Rain,72,100
827,golden hour,91,golden hour - Version Française,49,100
828,golden hour,91,Sick of U (with Oliver Tree),75,100
829,golden hour,91,Flowers,91,100
830,golden hour,91,High School in Jakarta,70,100
831,golden hour,91,Gilded Lily,82,100
832,golden hour,91,MIDDLE OF THE NIGHT,87,100
833,golden hour,91,Happening Again,57,100
834,golden hour,91,Sunflower,75,100
835,golden hour,91,Feather,77,100
836,golden hour,91,this is what heartbreak feels like,75,100
837,golden hour,91,Melting,84,100
838,golden hour,91,Head In The Clouds,69,100
839,golden hour,91,Car's Outside,85,100
840,LET GO,88,Munch (Feelin’ U),63,90
841,LET GO,88,Lightwork Freestyle,60,90
842,LET GO,88,On BS,81,90
843,LET GO,88,Overseas,71,90
844,LET GO,88,Antisocial,61,90
845,LET GO,88,HOTEL LOBBY (Unc & Phew) - A COLORS SHOW,70,90
846,LET GO,88,ROLLIN N CONTROLLIN FREESTYLE,60,90
847,LET GO,88,Robbery,82,90
848,LET GO,88,Escapism.,89,90
849,LET GO,88,Ransom,82,90
850,LET GO,88,LET GO,88,90
851,LET GO,88,ROLANDO (Caught In The Rain),66,90
852,LET GO,88,Tyler Herro,79,90
853,LET GO,88,Took Her To The O,80,90
854,LET GO,88,Love Sosa,83,90
855,LET GO,88,BILLIE EILISH.,80,90
856,LET GO,88,BackOutsideBoyz,75,90
857,LET GO,88,Stop Breathing,67,90
858,LET GO,88,Never Sleep (with Lil Baby feat. Travis Scott),68,90
859,LET GO,88,10:35,68,90
860,Oh Baby (feat. bshp & Issey Cross),70,Get on Your Knees,67,70
861,Oh Baby (feat. bshp & Issey Cross),70,99 - UKG Remix,32,70
862,Oh Baby (feat. bshp & Issey Cross),70,messy in heaven - VIP mix,54,70
863,Oh Baby (feat. bshp & Issey Cross),70,Playing Games (Remix) [feat. French The Kid & Jaykae],53,70
864,Oh Baby (feat. bshp & Issey Cross),70,Emotions,48,70
865,Oh Baby (feat. bshp & Issey Cross),70,See You in June,51,70
866,Oh Baby (feat. bshp & Issey Cross),70,Make Me,70,70
867,Oh Baby (feat. bshp & Issey Cross),70,Love Again,53,70
868,Oh Baby (feat. bshp & Issey Cross),70,Every Song (Mixed) - AVIAN GRAYS Remix,2,70
869,Oh Baby (feat. bshp & Issey Cross),70,21 Reasons (feat. Ella Henderson) - Alle Farben Remix,61,70
870,Oh Baby (feat. bshp & Issey Cross),70,Like This,0,70
871,Oh Baby (feat. bshp & Issey Cross),70,Say No More,56,70
872,Oh Baby (feat. bshp & Issey Cross),70,Loose,62,70
873,Oh Baby (feat. bshp & Issey Cross),70,Peaches & Cream,57,70
874,Oh Baby (feat. bshp & Issey Cross),70,Loose (feat. KSI) - Nathan Dawe Remix,37,70
875,Oh Baby (feat. bshp & Issey Cross),70,I Can Be Your Future - Radio Edit,52,70
876,Oh Baby (feat. bshp & Issey Cross),70,Home For My Heart,71,70
877,Oh Baby (feat. bshp & Issey Cross),70,Just For Tonight (feat. Franklin),45,70
878,Oh Baby (feat. bshp & Issey Cross),70,Juicy,52,70
879,Oh Baby (feat. bshp & Issey Cross),70,X&Y,37,70
880,live more & love more,75,Don't Be So Hard On Yourself,47,80
881,live more & love more,75,Safe to Say,48,80
882,live more & love more,75,How Could You,74,80
883,live more & love more,75,go - Lower & Slower,58,80
884,live more & love more,75,Boys Don't Cry,48,80
885,live more & love more,75,Proof,41,80
886,live more & love more,75,Yesterday,48,80
887,live more & love more,75,happier,58,80
888,live more & love more,75,Pick Your Tears Up,50,80
889,live more & love more,75,This Is,69,80
890,live more & love more,75,Right Person Right Time,61,80
891,live more & love more,75,sleep at night,58,80
892,live more & love more,75,Can't Do Both (with Clara Mae),43,80
893,live more & love more,75,Ta Ta Ta (with Jason Derulo),65,80
894,live more & love more,75,mine,72,80
895,live more & love more,75,I'll Be Waiting - Acoustic,63,80
896,live more & love more,75,Last Call,66,80
897,live more & love more,75,Let Me Let You Go,59,80
898,live more & love more,75,Run Where the Light Calls,47,80
899,live more & love more,75,Firebabe,55,80
900,Eat Your Young,80,Wide-Eyed,39,80
901,Eat Your Young,80,Blood Bank,65,80
902,Eat Your Young,80,Brother,25,80
903,Eat Your Young,80,Monsoon,51,80
904,Eat Your Young,80,Dirty Rain,40,80
905,Eat Your Young,80,Dearly Departed (feat. Esmé Patterson),64,80
906,Eat Your Young,80,Altar Wine,30,80
907,Eat Your Young,80,"no body, no crime (feat. HAIM)",61,80
908,Eat Your Young,80,That Funny Feeling,63,80
909,Eat Your Young,80,Work Song,67,80
910,Eat Your Young,80,Small Things,55,80
911,Eat Your Young,80,Homemade Dynamite,64,80
912,Eat Your Young,80,Wake Me,60,80
913,Eat Your Young,80,ivy,70,80
914,Eat Your Young,80,Marion,56,80
915,Eat Your Young,80,No Plan,57,80
916,Eat Your Young,80,Tomorrow Will Be Kinder - from The Hunger Games Soundtrack,42,80
917,Eat Your Young,80,JEWEL,40,80
918,Eat Your Young,80,Roll The Bones - Audiotree Live Version,59,80
919,Eat Your Young,80,Julia,66,80
920,2 Be Loved (Am I Ready),81,Bee's Tea,14,90
921,2 Be Loved (Am I Ready),81,It's Givin,60,90
922,2 Be Loved (Am I Ready),81,Bad Girls,75,90
923,2 Be Loved (Am I Ready),81,Dirrty (feat. Redman),70,90
924,2 Be Loved (Am I Ready),81,disco tits,63,90
925,2 Be Loved (Am I Ready),81,NYC Bitche$,30,90
926,2 Be Loved (Am I Ready),81,Pussy Is God,56,90
927,2 Be Loved (Am I Ready),81,Be Still,19,90
928,2 Be Loved (Am I Ready),81,YDLM,45,90
929,2 Be Loved (Am I Ready),81,W.A.B,43,90
930,2 Be Loved (Am I Ready),81,Cars,31,90
931,2 Be Loved (Am I Ready),81,Undefeated,22,90
932,2 Be Loved (Am I Ready),81,Thick Thighs (feat. Latrice Royale),31,90
933,2 Be Loved (Am I Ready),81,Grrrls,65,90
934,2 Be Loved (Am I Ready),81,Here I Come,39,90
935,2 Be Loved (Am I Ready),81,Broken Pussy,23,90
936,2 Be Loved (Am I Ready),81,Fashion,13,90
937,2 Be Loved (Am I Ready),81,Treat Me,65,90
938,2 Be Loved (Am I Ready),81,Go Awf! (feat. Kevin Jz Prodigy),24,90
939,2 Be Loved (Am I Ready),81,My Vag (Vag Redux Edition),29,90
940,TRUSTFALL,83,Need Me (feat. Pink),51,90
941,TRUSTFALL,83,Royals,36,90
942,TRUSTFALL,83,Fight For,11,90
943,TRUSTFALL,83,Dumb Girls,11,90
944,TRUSTFALL,83,Really Don't Care,72,90
945,TRUSTFALL,83,Superhero,36,90
946,TRUSTFALL,83,Unsung,24,90
947,TRUSTFALL,83,Not Too Young,17,90
948,TRUSTFALL,83,I'm Not Anybody's Girl,15,90
949,TRUSTFALL,83,Build It Better,35,90
950,TRUSTFALL,83,I Don't Think So,15,90
951,TRUSTFALL,83,Let the Music Play (feat. Michelle Visage),27,90
952,TRUSTFALL,83,With Ur Love,41,90
953,TRUSTFALL,83,Say My Name - #1's Edit,53,90
954,TRUSTFALL,83,Party In The U.S.A.,83,90
955,TRUSTFALL,83,Just Like a Pill,70,90
956,TRUSTFALL,83,arms,61,90
957,TRUSTFALL,83,Blame It on the Weatherman,43,90
958,TRUSTFALL,83,You Oughta Know - 2015 Remaster,69,90
959,TRUSTFALL,83,Before He Cheats,81,90
960,Never Felt So Alone,88,do u really? (with Ruth B.),65,90
961,Never Felt So Alone,88,Girl With The Tattoo Enter.lewd,82,90
962,Never Felt So Alone,88,NDA,76,90
963,Never Felt So Alone,88,DEATH,66,90
964,Never Felt So Alone,88,SunKissing,75,90
965,Never Felt So Alone,88,Let Her Go - Original Version,0,90
966,Never Felt So Alone,88,Possibility,63,90
967,Never Felt So Alone,88,idontwannabeyouanymore,54,90
968,Never Felt So Alone,88,See You Again (feat. Kali Uchis),91,90
969,Never Felt So Alone,88,Good Days,80,90
970,Never Felt So Alone,88,Dandelions,90,90
971,Never Felt So Alone,88,Eventually,79,90
972,Never Felt So Alone,88,As It Was,92,90
973,Never Felt So Alone,88,"Sex, Drugs, Etc. - Sped Up Version",74,90
974,Never Felt So Alone,88,Dead To Me,80,90
975,Never Felt So Alone,88,Till Forever Falls Apart,73,90
976,Never Felt So Alone,88,Too Many Nights (feat. Don Toliver & with Future),87,90
977,Never Felt So Alone,88,Covering,54,90
978,Never Felt So Alone,88,nuts,82,90
979,Never Felt So Alone,88,Wine Pon You (feat. Konshens),78,90
980,Fly Girl (feat. Missy Elliott),76,Aint Got Time,52,80
981,Fly Girl (feat. Missy Elliott),76,brrr,64,80
982,Fly Girl (feat. Missy Elliott),76,Hot Boyz,52,80
983,Fly Girl (feat. Missy Elliott),76,Wicked Games - Sped Up,49,80
984,Fly Girl (feat. Missy Elliott),76,Cruisin',45,80
985,Fly Girl (feat. Missy Elliott),76,Bubblegum,42,80
986,Fly Girl (feat. Missy Elliott),76,ATM (feat. Missy Elliott),48,80
987,Fly Girl (feat. Missy Elliott),76,In Ha Mood,85,80
988,Fly Girl (feat. Missy Elliott),76,SOS,76,80
989,Fly Girl (feat. Missy Elliott),76,DOGTOOTH,81,80
990,Fly Girl (feat. Missy Elliott),76,Dive,68,80
991,Fly Girl (feat. Missy Elliott),76,Go There With You,55,80
992,Fly Girl (feat. Missy Elliott),76,Millions - Jumbo Sounds Mix,53,80
993,Fly Girl (feat. Missy Elliott),76,Stressed,56,80
994,Fly Girl (feat. Missy Elliott),76,Let Me Rock,27,80
995,Fly Girl (feat. Missy Elliott),76,Perfect (feat. Jessie Reyez),62,80
996,Fly Girl (feat. Missy Elliott),76,Bad Thing,58,80
997,Fly Girl (feat. Missy Elliott),76,BO$$ CHICK,65,80
998,Fly Girl (feat. Missy Elliott),76,Surprise,62,80
999,Fly Girl (feat. Missy Elliott),76,Area Codes,73,80
1000,Out Of Nowhere,72,B.O.T.A. (Baddest Of Them All) - Edit,82,80
1001,Out Of Nowhere,72,Local (feat. Headie One & Bandokay),54,80
1002,Out Of Nowhere,72,Bringing It Back,56,80
1003,Out Of Nowhere,72,04:59,48,80
1004,Out Of Nowhere,72,Take the Risk - Original,38,80
1005,Out Of Nowhere,72,Peaches & Cream,57,80
1006,Out Of Nowhere,72,Us for Life,45,80
1007,Out Of Nowhere,72,Ready (feat. Summer Walker),56,80
1008,Out Of Nowhere,72,Dat Way (feat. Abra Cadabra),56,80
1009,Out Of Nowhere,72,Tremz x Fumez The Engineer - Plugged In,39,80
1010,Out Of Nowhere,72,Tony Soprano 2,68,80
1011,Out Of Nowhere,72,More Money,52,80
1012,Out Of Nowhere,72,Didn't Know,60,80
1013,Out Of Nowhere,72,Fresh Home Freestyle,55,80
1014,Out Of Nowhere,72,Who Am I? (feat. Bugzy Malone),40,80
1015,Out Of Nowhere,72,Maria Maria,72,80
1016,Out Of Nowhere,72,Disaster (feat. J Hus),63,80
1017,Out Of Nowhere,72,Wanna Be,54,80
1018,Out Of Nowhere,72,It Was Just A Fling,55,80
1019,Out Of Nowhere,72,Somebody,39,80
1020,Snooze,92,Die For You (with Ariana Grande) - Remix,87,100
1021,Snooze,92,After Last Night (with Thundercat & Bootsy Collins),75,100
1022,Snooze,92,9,65,100
1023,Snooze,92,Cardboard Box,69,100
1024,Snooze,92,Watch This - ARIZONATEARS Pluggnb Remix,90,100
1025,Snooze,92,Loveeeeeee Song,74,100
1026,Snooze,92,Secrets,81,100
1027,Snooze,92,lowkey,79,100
1028,Snooze,92,Just Might (with PARTYNEXTDOOR),70,100
1029,Snooze,92,Pyramids,77,100
1030,Snooze,92,Hit Different,72,100
1031,Snooze,92,Trust,80,100
1032,Snooze,92,I LIKE,70,100
1033,Snooze,92,CUFF IT,89,100
1034,Snooze,92,Always,81,100
1035,Snooze,92,Adorn,68,100
1036,Snooze,92,Give You the World,68,100
1037,Snooze,92,Poison,78,100
1038,Snooze,92,Munch (Feelin’ U),63,100
1039,Snooze,92,West Savannah (feat. SZA),66,100
1040,Energy,76,Date Night,50,80
1041,Energy,76,Cloak & Dagger (feat. J Hus),59,80
1042,Energy,76,Get Lit,52,80
1043,Energy,76,Energy,76,80
1044,Energy,76,Soldier (feat. Tion Wayne),64,80
1045,Energy,76,Psycho,63,80
1046,Energy,76,Prague,58,80
1047,Energy,76,Active Gxng x Fumez The Engineer - Plugged In,56,80
1048,Energy,76,The Mantra - Heat in the Street Freestyle,62,80
1049,Energy,76,Loose,62,80
1050,Energy,76,Tranquility,59,80
1051,Energy,76,Airplane Mode (feat. NSG),55,80
1052,Energy,76,Straight Back to It,62,80
1053,Energy,76,Went Jail,41,80
1054,Energy,76,Mercedes,60,80
1055,Energy,76,Thiago Silva,71,80
1056,Energy,76,One More Chance Freestyle,56,80
1057,Energy,76,15 Years,49,80
1058,Energy,76,Only If You Knew,51,80
1059,Energy,76,"Dancer (feat. Noizy, Rondodasosa & Capo Plaza)",62,80
1060,Make Me,70,So Tell Me…,56,70
1061,Make Me,70,Love Vibration,62,70
1062,Make Me,70,Get Get Down,58,70
1063,Make Me,70,Rhyme Dust,78,70
1064,Make Me,70,I Need - Conducta Remix,36,70
1065,Make Me,70,Passion - Naked Edit,52,70
1066,Make Me,70,It’s A Love Thing,24,70
1067,Make Me,70,I Wanna Feel - Radio Edit,62,70
1068,Make Me,70,Erase Me,58,70
1069,Make Me,70,Thin Line,57,70
1070,Make Me,70,"Again (feat. Ms. Dynamite, Ms Banks & Jaykae) - Mixed",63,70
1071,Make Me,70,Cody Was A Tank,46,70
1072,Make Me,70,Temptation (feat. Poppy Baskcomb),66,70
1073,Make Me,70,Nine Tomorrows,1,70
1074,Make Me,70,Vertigo,53,70
1075,Make Me,70,Night Lyf,29,70
1076,Make Me,70,Arc,50,70
1077,Make Me,70,Happiness - Radio Edit,47,70
1078,Make Me,70,Boyz N Da Club,46,70
1079,Make Me,70,Circles - 7'' Edit,44,70
1080,Cupid - Twin Ver.,94,SOLO,75,100
1081,Cupid - Twin Ver.,94,Tell Me,68,100
1082,Cupid - Twin Ver.,94,LMLY,66,100
1083,Cupid - Twin Ver.,94,Glue Song,82,100
1084,Cupid - Twin Ver.,94,Kill Bill - Sped Up Version,81,100
1085,Cupid - Twin Ver.,94,"Young, Dumb, Stupid",74,100
1086,Cupid - Twin Ver.,94,Cupid – Twin Ver. (FIFTY FIFTY) – Sped Up Version,78,100
1087,Cupid - Twin Ver.,94,Pretty Savage,75,100
1088,Cupid - Twin Ver.,94,Die For You - Sped Up,71,100
1089,Cupid - Twin Ver.,94,Heart Attack (츄),68,100
1090,Cupid - Twin Ver.,94,Line Without a Hook,80,100
1091,Cupid - Twin Ver.,94,With you,77,100
1092,Cupid - Twin Ver.,94,Heaven Sent,75,100
1093,Cupid - Twin Ver.,94,Mary On A Cross,75,100
1094,Cupid - Twin Ver.,94,prom dress,71,100
1095,Cupid - Twin Ver.,94,For the First Time,84,100
1096,Cupid - Twin Ver.,94,Glimpse of Us,81,100
1097,Cupid - Twin Ver.,94,Banana Shake,56,100
1098,Cupid - Twin Ver.,94,august,85,100
1099,Cupid - Twin Ver.,94,Polaroid Love,78,100
1100,Die For You (with Ariana Grande) - Remix,74,All The Time (feat. Lil Wayne & Natasha Mosley),64,80
1101,Die For You (with Ariana Grande) - Remix,74,SOHO,57,80
1102,Die For You (with Ariana Grande) - Remix,74,Make Up Sex,63,80
1103,Die For You (with Ariana Grande) - Remix,74,Coaster,72,80
1104,Die For You (with Ariana Grande) - Remix,74,Teenage Fever,82,80
1105,Die For You (with Ariana Grande) - Remix,74,All In,42,80
1106,Die For You (with Ariana Grande) - Remix,74,FAR AWAY II (feat. A Boogie Wit da Hoodie & JID),57,80
1107,Die For You (with Ariana Grande) - Remix,74,Childs Play (feat. Chance the Rapper),65,80
1108,Die For You (with Ariana Grande) - Remix,74,SAD GIRLZ LUV MONEY Remix (feat. Kali Uchis and Moliy),79,80
1109,Die For You (with Ariana Grande) - Remix,74,Feel It,65,80
1110,Die For You (with Ariana Grande) - Remix,74,Japanese Denim,78,80
1111,Die For You (with Ariana Grande) - Remix,74,It's Ending,9,80
1112,Die For You (with Ariana Grande) - Remix,74,Hasta Cuando,76,80
1113,Die For You (with Ariana Grande) - Remix,74,Thursday,51,80
1114,Die For You (with Ariana Grande) - Remix,74,Hotel,71,80
1115,Die For You (with Ariana Grande) - Remix,74,Frequency,50,80
1116,Die For You (with Ariana Grande) - Remix,74,Seek & Destroy,79,80
1117,Die For You (with Ariana Grande) - Remix,74,The Ways (with Swae Lee),63,80
1118,Die For You (with Ariana Grande) - Remix,74,On My Own,62,80
1119,Die For You (with Ariana Grande) - Remix,74,Welcome To Heartbreak,61,80
1120,CUFF IT,89,Monalisa,77,90
1121,CUFF IT,89,Die For You,91,90
1122,CUFF IT,89,Gimme More,81,90
1123,CUFF IT,89,Saturday/Sunday,75,90
1124,CUFF IT,89,OUT OUT (feat. Charli XCX & Saweetie),80,90
1125,CUFF IT,89,Deep Down (feat. Never Dull),82,90
1126,CUFF IT,89,Potion (with Dua Lipa & Young Thug),66,90
1127,CUFF IT,89,I Just Called,70,90
1128,CUFF IT,89,Showed Me (How I Fell In Love With You),63,90
1129,CUFF IT,89,Cooped Up / Return Of The Mack,75,90
1130,CUFF IT,89,Hard Out Here.,62,90
1131,CUFF IT,89,Gotta Move On (feat. Bryson Tiller),67,90
1132,CUFF IT,89,Unholy (feat. Kim Petras) - Disclosure Remix,55,90
1133,CUFF IT,89,Open Arms (feat. Travis Scott),72,90
1134,CUFF IT,89,DESPECHÁ,84,90
1135,CUFF IT,89,Cry Me a River,76,90
1136,CUFF IT,89,she's all i wanna be,74,90
1137,CUFF IT,89,Black Mascara.,63,90
1138,CUFF IT,89,Lights - Sped Up Version,75,90
1139,CUFF IT,89,Super Bass,80,90
1140,Relax My Eyes,73,Pasilda - ANOTR Remix,2,80
1141,Relax My Eyes,73,Tondo,62,80
1142,Relax My Eyes,73,Bourgie Bourgie,46,80
1143,Relax My Eyes,73,Gotta Let You Go - Club Mix,62,80
1144,Relax My Eyes,73,Both Of Us,53,80
1145,Relax My Eyes,73,Make A Move,53,80
1146,Relax My Eyes,73,Boyz N Da Club - Radio Edit,64,80
1147,Relax My Eyes,73,JOY (God Only Knows),60,80
1148,Relax My Eyes,73,Delilah (pull me out of this),73,80
1149,Relax My Eyes,73,Rizzla - Mochakk Remix,56,80
1150,Relax My Eyes,73,Zonnetje Op M'n Porem,57,80
1151,Relax My Eyes,73,The Funk Phenomena (Throwback) [WYM317],1,80
1152,Relax My Eyes,73,Heather Park,55,80
1153,Relax My Eyes,73,My City's On Fire - Club Edit,43,80
1154,Relax My Eyes,73,Point Of No Return,62,80
1155,Relax My Eyes,73,Haven't You Heard - Fitzy's Half Charged Mix,54,80
1156,Relax My Eyes,73,Drugs From Amsterdam,78,80
1157,Relax My Eyes,73,Can't Let You Go,43,80
1158,Relax My Eyes,73,Maria Maria - Extended,48,80
1159,Relax My Eyes,73,LEFT TO RIGHT,52,80
1160,Mother,82,Heart Attack,79,90
1161,Mother,82,Red Flags,71,90
1162,Mother,82,What A Man Gotta Do,74,90
1163,Mother,82,Grow Up,52,90
1164,Mother,82,You Problem,65,90
1165,Mother,82,Better Man,64,90
1166,Mother,82,Calm Down (with Selena Gomez),96,90
1167,Mother,82,Lavender Haze,89,90
1168,Mother,82,Heaven,88,90
1169,Mother,82,The One That Got Away,74,90
1170,Mother,82,SunKissing,75,90
1171,Mother,82,Million Dollar Baby,70,90
1172,Mother,82,Really Don't Care,72,90
1173,Mother,82,Judas,71,90
1174,Mother,82,Baby,83,90
1175,Mother,82,Freezing,74,90
1176,Mother,82,Too Well,73,90
1177,Mother,82,"Made You Look (feat. Sri, Scott Hoying, Elyse Myers & Chris Olsen) - A Cappella",56,90
1178,Mother,82,The Climb,77,90
1179,Mother,82,Before He Cheats,81,90
1180,J'adore,68,Corner Boy,61,70
1181,J'adore,68,No Difference,55,70
1182,J'adore,68,Heart Cry,23,70
1183,J'adore,68,The Beginning,50,70
1184,J'adore,68,Vapiano,34,70
1185,J'adore,68,Notice Me,61,70
1186,J'adore,68,Different Man,42,70
1187,J'adore,68,3style 2023,40,70
1188,J'adore,68,The Takeoff,33,70
1189,J'adore,68,The Mantra - Heat in the Street Freestyle,62,70
1190,J'adore,68,Summertime Fine,43,70
1191,J'adore,68,Berlin,62,70
1192,J'adore,68,Last Thing,50,70
1193,J'adore,68,Guilty,38,70
1194,J'adore,68,Goodums - A COLORS SHOW,59,70
1195,J'adore,68,I Love You,48,70
1196,J'adore,68,Chop,37,70
1197,J'adore,68,Hurtin,0,70
1198,J'adore,68,SKATE,60,70
1199,J'adore,68,Transparent,45,70
1200,All Of The Girls You Loved Before,91,People You Know,80,100
1201,All Of The Girls You Loved Before,91,DANCING ALL ALONE,69,100
1202,All Of The Girls You Loved Before,91,Pretty Boy,77,100
1203,All Of The Girls You Loved Before,91,Feather,77,100
1204,All Of The Girls You Loved Before,91,Norman fucking Rockwell,77,100
1205,All Of The Girls You Loved Before,91,Be My Mistake,72,100
1206,All Of The Girls You Loved Before,91,I DON'T WANNA BE LIKE YOU,66,100
1207,All Of The Girls You Loved Before,91,Angel Baby,78,100
1208,All Of The Girls You Loved Before,91,Bored,84,100
1209,All Of The Girls You Loved Before,91,Body Better,65,100
1210,All Of The Girls You Loved Before,91,Waffle House,81,100
1211,All Of The Girls You Loved Before,91,The Great War,69,100
1212,All Of The Girls You Loved Before,91,Liability,74,100
1213,All Of The Girls You Loved Before,91,Dandelions,90,100
1214,All Of The Girls You Loved Before,91,Mother,82,100
1215,All Of The Girls You Loved Before,91,That's Hilarious,76,100
1216,All Of The Girls You Loved Before,91,Stargirl Interlude,85,100
1217,All Of The Girls You Loved Before,91,Rose Colored Lenses,80,100
1218,All Of The Girls You Loved Before,91,Happier Than Ever,87,100
1219,All Of The Girls You Loved Before,91,this is how you fall in love,75,100
1220,Unholy (feat. Kim Petras),92,And I’m Telling You I’m Not Going - The Voice Performance,19,100
1221,Unholy (feat. Kim Petras),92,Love Me Tender - The Voice Australia 2019 Performance / Live,25,100
1222,Unholy (feat. Kim Petras),92,Punchline (Acoustic),41,100
1223,Unholy (feat. Kim Petras),92,Lost Boy,69,100
1224,Unholy (feat. Kim Petras),92,Million Reasons,78,100
1225,Unholy (feat. Kim Petras),92,Voices,10,100
1226,Unholy (feat. Kim Petras),92,Out of Our Heads - Tom Bruckner Remix,2,100
1227,Unholy (feat. Kim Petras),92,No Air (feat. Chris Brown) - Acoustic Version,48,100
1228,Unholy (feat. Kim Petras),92,Happy Love - Acoustic,21,100
1229,Unholy (feat. Kim Petras),92,"Love The Way You Lie, Pt. II - The Voice Australia 2017 Performance",9,100
1230,Unholy (feat. Kim Petras),92,Just You and I - Acoustic,64,100
1231,Unholy (feat. Kim Petras),92,If the World Was Ending (feat. Julia Michaels),74,100
1232,Unholy (feat. Kim Petras),92,Hailey - Acoustic,45,100
1233,Unholy (feat. Kim Petras),92,The Story Never Ends,63,100
1234,Unholy (feat. Kim Petras),92,Restart,25,100
1235,Unholy (feat. Kim Petras),92,Chainsaw,54,100
1236,Unholy (feat. Kim Petras),92,Ciao Adios - Acoustic,40,100
1237,Unholy (feat. Kim Petras),92,Unsteady - Erich Lee Gravity Remix,62,100
1238,Unholy (feat. Kim Petras),92,Only Girl In The World - Live Lounge Acoustic Version,26,100
1239,Unholy (feat. Kim Petras),92,Best Part / See You Again,9,100
1240,Pointless,80,If the World Was Ending (feat. Julia Michaels),74,80
1241,Pointless,80,Work of Art,60,80
1242,Pointless,80,SPACE MAN,53,80
1243,Pointless,80,Don't Tell My Mom,61,80
1244,Pointless,80,Heartbeat,65,80
1245,Pointless,80,Nobody Gets Me,87,80
1246,Pointless,80,Mercy,82,80
1247,Pointless,80,Like My Father,71,80
1248,Pointless,80,blame's on me,77,80
1249,Pointless,80,you were there for me,73,80
1250,Pointless,80,Part Of Me,71,80
1251,Pointless,80,Chemical,71,80
1252,Pointless,80,I GUESS I'M IN LOVE,69,80
1253,Pointless,80,Butterflies (feat. AURORA),71,80
1254,Pointless,80,internet crush,60,80
1255,Pointless,80,this is what losing someone feels like,75,80
1256,Pointless,80,Ghost Of You,76,80
1257,Pointless,80,Grace,74,80
1258,Pointless,80,What Dreams Are Made Of,62,80
1259,Pointless,80,Remind Me,70,80
1260,labour,82,Little Girl Gone,74,90
1261,labour,82,d e a d,48,90
1262,labour,82,Devil Town,77,90
1263,labour,82,Lavender Haze - Acoustic Version,70,90
1264,labour,82,The Best Part,52,90
1265,labour,82,The Sisterhood,32,90
1266,labour,82,i hope you know what you're doing,49,90
1267,labour,82,Coming of Age,43,90
1268,labour,82,Digital Silence,75,90
1269,labour,82,People I Don't Like,69,90
1270,labour,82,Cigarettes & Feelings,59,90
1271,labour,82,"You're On Your Own, Kid",84,90
1272,labour,82,WW3,47,90
1273,labour,82,wednesday,57,90
1274,labour,82,Elements,49,90
1275,labour,82,blue,52,90
1276,labour,82,Muddy Feet (feat. Sia),77,90
1277,labour,82,Be On Your Way,54,90
1278,labour,82,People Watching,77,90
1279,labour,82,Jericho,77,90
1280,Until I Found You (with Em Beihold) - Em Beihold Version,93,Running Up That Hill (A Deal With God),86,100
1281,Until I Found You (with Em Beihold) - Em Beihold Version,93,Backyard Boy,70,100
1282,Until I Found You (with Em Beihold) - Em Beihold Version,93,Light Switch,81,100
1283,Until I Found You (with Em Beihold) - Em Beihold Version,93,Break My Heart Again,73,100
1284,Until I Found You (with Em Beihold) - Em Beihold Version,93,Habits,72,100
1285,Until I Found You (with Em Beihold) - Em Beihold Version,93,Loverboy,72,100
1286,Until I Found You (with Em Beihold) - Em Beihold Version,93,10 Things I Hate About You,76,100
1287,Until I Found You (with Em Beihold) - Em Beihold Version,93,I Love You So,88,100
1288,Until I Found You (with Em Beihold) - Em Beihold Version,93,Bored,84,100
1289,Until I Found You (with Em Beihold) - Em Beihold Version,93,Can't Help Falling in Love,80,100
1290,Until I Found You (with Em Beihold) - Em Beihold Version,93,Turning Page,71,100
1291,Until I Found You (with Em Beihold) - Em Beihold Version,93,Dj Until I Found You - Remix,0,100
1292,Until I Found You (with Em Beihold) - Em Beihold Version,93,Mind Over Matter (Reprise),75,100
1293,Until I Found You (with Em Beihold) - Em Beihold Version,93,THE LONELIEST,76,100
1294,Until I Found You (with Em Beihold) - Em Beihold Version,93,10:35,68,100
1295,Until I Found You (with Em Beihold) - Em Beihold Version,93,All Of The Girls You Loved Before,91,100
1296,Until I Found You (with Em Beihold) - Em Beihold Version,93,Ophelia,80,100
1297,Until I Found You (with Em Beihold) - Em Beihold Version,93,Till Forever Falls Apart,73,100
1298,Until I Found You (with Em Beihold) - Em Beihold Version,93,I Think I Like When It Rains,75,100
1299,Until I Found You (with Em Beihold) - Em Beihold Version,93,Another Love (Tom Odell) - sped up,62,100
1300,I'll Be Waiting,81,Angels Like You,88,90
1301,I'll Be Waiting,81,If the World Was Ending (feat. Julia Michaels),74,90
1302,I'll Be Waiting,81,Nobody Gets Me,87,90
1303,I'll Be Waiting,81,All For You,59,90
1304,I'll Be Waiting,81,Let Me Go,61,90
1305,I'll Be Waiting,81,23,59,90
1306,I'll Be Waiting,81,Miserable Man,74,90
1307,I'll Be Waiting,81,Remember - Acoustic,64,90
1308,I'll Be Waiting,81,Fall Into Me,59,90
1309,I'll Be Waiting,81,Friend Like Me,65,90
1310,I'll Be Waiting,81,MUST BE NICE,61,90
1311,I'll Be Waiting,81,Little Do You Know,75,90
1312,I'll Be Waiting,81,Us,74,90
1313,I'll Be Waiting,81,Empty Heart Shaped Box,52,90
1314,I'll Be Waiting,81,Those Eyes,90,90
1315,I'll Be Waiting,81,love and hate,57,90
1316,I'll Be Waiting,81,She's Everything That I've Ever Wanted,49,90
1317,I'll Be Waiting,81,I'm Not Here To Make Friends,83,90
1318,I'll Be Waiting,81,All I Want,62,90
1319,I'll Be Waiting,81,How Are You?,58,90
1320,Made You Look,90,Bones,87,90
1321,Made You Look,90,Domino,75,90
1322,Made You Look,90,Flowers,91,90
1323,Made You Look,90,TREAT MYSELF,55,90
1324,Made You Look,90,It Is What It Is,70,90
1325,Made You Look,90,Light Switch,81,90
1326,Made You Look,90,Cold Heart - PNAU Remix,82,90
1327,Made You Look,90,what would you do?,67,90
1328,Made You Look,90,Someone Like You,47,90
1329,Made You Look,90,Up (feat. Demi Lovato),70,90
1330,Made You Look,90,Midnight Rain,86,90
1331,Made You Look,90,I'm In Love With a Monster,33,90
1332,Made You Look,90,You'll Always Find Your Way Back Home,68,90
1333,Made You Look,90,Made You Look - Joel Corry Remix,60,90
1334,Made You Look,90,positions,84,90
1335,Made You Look,90,I'll Be Waiting,81,90
1336,Made You Look,90,Someday (feat. Meghan Trainor),62,90
1337,Made You Look,90,Heaven,88,90
1338,Made You Look,90,I Kissed A Girl,59,90
1339,Made You Look,90,My Mind & Me,77,90
1340,Rhyme Dust,70,Make Your Move,60,70
1341,Rhyme Dust,70,Make It Look Good (feat. Preditah),38,70
1342,Rhyme Dust,70,Can You Feel It - MK Dub,18,70
1343,Rhyme Dust,70,Living Without You - MK Letting Go Remix,0,70
1344,Rhyme Dust,70,On My Mind - MK Dub,11,70
1345,Rhyme Dust,70,No Further - Original Mix,34,70
1346,Rhyme Dust,70,Doctor (feat. Wyen Solo) - Nick Hannam & Tom Garnett Remix,12,70
1347,Rhyme Dust,70,Always (feat. Alana) - MK Area 10 Remix,11,70
1348,Rhyme Dust,70,You Want Me (feat. Sadie Ama),59,70
1349,Rhyme Dust,70,See It Through My Eyes,17,70
1350,Rhyme Dust,70,Stronger - Extended Mix,11,70
1351,Rhyme Dust,70,Never Let Me Go,17,70
1352,Rhyme Dust,70,Chasing You - T.Williams Dub Remix,22,70
1353,Rhyme Dust,70,How Does It Feel,53,70
1354,Rhyme Dust,70,Save Our Soul - Brian Tappert Re-edit [Mixed],26,70
1355,Rhyme Dust,70,What You Want,47,70
1356,Rhyme Dust,70,Huggin' & A Luvin' - Chocolate Puma Remix,20,70
1357,Rhyme Dust,70,Defected Presents House Masters - MK Mixtape,21,70
1358,Rhyme Dust,70,You've Changed - MK D-troit Dub,12,70
1359,Rhyme Dust,70,Hey Hey - Riva Starr Paradise Garage Remix,41,70
1360,Just Wanna Rock,91,Lo Mein,67,100
1361,Just Wanna Rock,91,Twin (feat. Lil Durk),59,100
1362,Just Wanna Rock,91,Quickie,72,100
1363,Just Wanna Rock,91,ORANGE SODA,82,100
1364,Just Wanna Rock,91,ZEZE (feat. Travis Scott & Offset),77,100
1365,Just Wanna Rock,91,NBAYOUNGBOAT,73,100
1366,Just Wanna Rock,91,HITTIN MY SHOULDER,52,100
1367,Just Wanna Rock,91,New Tank,75,100
1368,Just Wanna Rock,91,Sticky,78,100
1369,Just Wanna Rock,91,Les,83,100
1370,Just Wanna Rock,91,Sweet Yamz,62,100
1371,Just Wanna Rock,91,Mo Bamba,81,100
1372,Just Wanna Rock,91,This Could Be Us,79,100
1373,Just Wanna Rock,91,In My Head,78,100
1374,Just Wanna Rock,91,Dance Now (feat. Kenny Mason),74,100
1375,Just Wanna Rock,91,Secrets,81,100
1376,Just Wanna Rock,91,Belong to the City,77,100
1377,Just Wanna Rock,91,Open Arms (feat. Travis Scott),72,100
1378,Just Wanna Rock,91,Antisocial (feat. Slump6s),69,100
1379,Just Wanna Rock,91,Dah Dah DahDah,75,100
1380,22,78,Short Skirt,50,80
1381,22,78,FaceTime,61,80
1382,22,78,Rehab (Winter In Paris),76,80
1383,22,78,Location (feat. Burna Boy),78,80
1384,22,78,TWIST & TURN (feat. Drake & PARTYNEXTDOOR),65,80
1385,22,78,Do You Mind,59,80
1386,22,78,𝘠𝘚𝘓,67,80
1387,22,78,Come We Bill Ehh,54,80
1388,22,78,Organise,69,80
1389,22,78,Koroba,61,80
1390,22,78,Fantasy (feat. Don Toliver),77,80
1391,22,78,Self Esteem - Sped Up,60,80
1392,22,78,sink or swim,61,80
1393,22,78,Groupie (feat. Krept & Konan),61,80
1394,22,78,I LIKE,70,80
1395,22,78,Red Ruby Da Sleeze,84,80
1396,22,78,In Ha Mood,85,80
1397,22,78,Right Hand,65,80
1398,22,78,Joha,71,80
1399,22,78,Out thë way,84,80
